*O[C@@H]1[C@@H](COP(*)(=O)[O-])O[C@@H](n2cnc3c(=O)[nH]c(N)nc32)[C@@H]1O.C[S+](CC[C@H]([NH3+])C(=O)[O-])C[C@H]1O[C@@H](n2cnc3c(N)ncnc32)[C@H](O)[C@@H]1O|MDDDVLKRIGVLSKFITDEKKARIEKVLNLRTNYLTFVLEDIFQSQNASATIRTGEILGLSDVHVIEKKNKHTLNPDVTLGSSQWINLNKYKNAKFAIDRLKSDGYSIVATSLNPKSINLENLTINNKMAIFFGTELTGLSAEVLGAADLYVKIPMYGFTQSYNISVAVAIVMYSLLMRLRKSSIDYLLNEAEKSNLRLKYYRQVVKNYQFIENLINS>>Nc1ncnc2c1ncn2[C@@H]1O[C@H](CSCC[C@H]([NH3+])C(=O)[O-])[C@@H](O)[C@H]1O,2.1.1.34,rhea_reaction_smiles+UniProt
*O[C@@H]1[C@@H](COP(*)(=O)[O-])O[C@@H](n2cnc3c(=O)[nH]c(N)nc32)[C@@H]1O.C[S+](CC[C@H]([NH3+])C(=O)[O-])C[C@H]1O[C@@H](n2cnc3c(N)ncnc32)[C@H](O)[C@@H]1O|MNPTRYARICEMLARRQPDLTVCMEQVHKPHNVSAIIRTADAVGVHEVHAVWPGSRMRTMASAAAGSNSWVQVKTHRTIGDAVAHLKGQGMQILATHLSDNAVDFREIDYTRPTCILMGQEKTGITQEALALADQDIIIPMIGMVQSLNVSVASALILYEAQRQRQNAGMYLRENSMLPEAEQQRLLFEGGYPVLAKVAKRKGLPYPHVNQQGEIEADADWWATMQAAG>>Nc1ncnc2c1ncn2[C@@H]1O[C@H](CSCC[C@H]([NH3+])C(=O)[O-])[C@@H](O)[C@H]1O,2.1.1.34,rhea_reaction_smiles+UniProt
*O[C@@H]1[C@@H](COP(*)(=O)[O-])O[C@@H](n2cnc3c(=O)[nH]c(N)nc32)[C@@H]1O.C[S+](CC[C@H]([NH3+])C(=O)[O-])C[C@H]1O[C@@H](n2cnc3c(N)ncnc32)[C@H](O)[C@@H]1O|MRERTEARRRRIEEVLRRRQPDLTVLLENVHKPHNLSAILRTCDAVGVLEAHAVNPTGGVPTFNETSGGSHKWVYLRVHPDLHEAFRFLKERGFTVYATALREDARDFREVDYTKPTAVLFGAEKWGVSEEALALADGAIKIPMLGMVQSLNVSVAAAVILFEAQRQRLKAGLYDRPRLDPELYQKVLADWLRK>>Nc1ncnc2c1ncn2[C@@H]1O[C@H](CSCC[C@H]([NH3+])C(=O)[O-])[C@@H](O)[C@H]1O,2.1.1.34,rhea_reaction_smiles+UniProt
*O[C@@H]1[C@@H](COP(*)(=O)[O-])O[C@@H](n2cnc3c(=O)[nH]c(N)nc32)[C@@H]1O.C[S+](CC[C@H]([NH3+])C(=O)[O-])C[C@H]1O[C@@H](n2cnc3c(N)ncnc32)[C@H](O)[C@@H]1O|MVGGALICKYLPREEQLKLISDLIQNDSLEEVLELIETSPLDITTDSNIETPIFEKITEQVIAYASIDGEAREMFRSSRAEMNKALRTSAQLLCCLPSVWHKFQVWMSYRLNDIISENYKHLFNDNFGKKIVQPFFDSFAEEQNANIKHENLHLDILSLLHYLEVVYLFDECKNGISSKCLDFIIVPLLGCNSEEIADSCSKLMRWHIKYLSKCCNTDSNFDKLIWTFIKQLYAEGSQQAWKQKNSLSFLLRFLLAAELSPELITYIKTDAYWRHIQTELDNDVHEHRKLALSILKLTIQKLSSHGITLQTTFYKCNDLANIEMLGSWKKFTTLYEMIALDTSLNQIQAAKQDIIKIFDNEHLHHSWGLILLSTGLKSSMESVRKYMMTLMFSITNMSAFSSNLPLLTKTLLPAAMSAHYFDVKGVSCPHGEKLSLFVNNLLSQTTEGISDILFEILKLLVEKGTSFDPSRIYLSYGILVFFQNNKQKTINSDHLSLIRKLYDFAAEEEVLETTIQTIYLKFLLYIDPSVSASELLFTLVSHIKLKGGTYKYVEPLFEDYRDLAVSHFDDLQAKENLTTNIGKDTIFDLLASIIFDFKDIDITPDFLIEVAKSKQDIPVYTSKAVTFLTQLLSGEPSNGYTYENATALLSYPNFTISTWKSINVNNLFKSVMEKFSLDKFKFFAEIYQKTYECRFDTIELNFNDLLSLYEMVKKSANQCSRESFKVKDSAYSSYFELLNTFLKTYALNRDSSEGNDDELHILLRLVDENINKDNGNYLGNLAVCKLLYFIIDSYIHCSTSVSDDDIFIVKFIFEKFSFIWECINSERLVLKERDLHLMLIKGLFHPVILYFGSNQYIDTLTSKLEEHAQTIISLSYSRRSLLPLLGSQLRVFMKFYGKLLREDVNYWWLINIIVGVFKQPQMDVNLYKLKPVISSLFDHKLNNYYIKGDELYEKVYGPDEILARVSIIDSILYANDQLKIRLIEKVTEKTNALYAIKRTDGAEALQRLLQWQLLLLSLLTTNEKKLSETSMIRILKSIEDESSPLVRVYKEWFISSKVVDYYKTGNPKFAEDYLFSLLEDHSKPVFVVSAEKICFMVLKDLRNDEKKYGFTQLLDRFICTLVPNAASNKPLVRHFSNSLIISLWPTFKAYLSDHTLRNIIENLYSNAKKTQIFGQYRAGDANIWDLKGDRKLTNMFGGVLKKVTDHDCPYISESVFEKYLQEKDIVPIGTDERSLWLDKRDTNTESVNNANISCDTSPLQTKSGAWETVLDLDNKKSNDVVTRSELIVVSSLVDKPPNLGGICRLCDVLGVGLLTVQDIKVKNHPQFKNVAVTADRWMPMEEVALDEIASFMKEKKKEGYTLIGLEQTDKSVKLDNNFQFPKKSLILLGTEAFGIPGTLLSELDLCLEIQQFGVIRSMNIQTATAVIVHSYTVQHM>>Nc1ncnc2c1ncn2[C@@H]1O[C@H](CSCC[C@H]([NH3+])C(=O)[O-])[C@@H](O)[C@H]1O,2.1.1.34,rhea_reaction_smiles+UniProt
*O[C@@H]1[C@@H](COP(*)(=O)[O-])O[C@@H](n2cnc3c(=O)[nH]c(N)nc32)[C@@H]1O.C[S+](CC[C@H]([NH3+])C(=O)[O-])C[C@H]1O[C@@H](n2cnc3c(N)ncnc32)[C@H](O)[C@@H]1O|MVMEYLVLEKRLKRLREVLEKRQKDLIVFADNVKNEHNFSAIVRTCDAVGVLYLYYYHAEGKKAKINEGITQGSHKWVFIEKVDNPVQKLLEFKNRGFQIVATWLSKESVNFREVDYTKPTVLVVGNELQGVSPEIVEIADKKIVIPMYGMAQSLNVSVATGIILYEAQRQREEKGMYSRPSLSEEEIQKILKKWAYEDVIKERKRTLSTS>>Nc1ncnc2c1ncn2[C@@H]1O[C@H](CSCC[C@H]([NH3+])C(=O)[O-])[C@@H](O)[C@H]1O,2.1.1.34,rhea_reaction_smiles+UniProt
*OP(=O)([O-])OC[C@H]1O[C@@H](n2cnc3c(=O)[nH]c(N)nc32)[C@H](O)[C@@H]1OP(=O)([O-])O*.C[S@@+](CC[C@H]([NH3+])C(=O)[O-])C[C@H]1O[C@@H](n2cnc3c(N)ncnc32)[C@H](O)[C@@H]1O|MDDDVLKRIGVLSKFITDEKKARIEKVLNLRTNYLTFVLEDIFQSQNASATIRTGEILGLSDVHVIEKKNKHTLNPDVTLGSSQWINLNKYKNAKFAIDRLKSDGYSIVATSLNPKSINLENLTINNKMAIFFGTELTGLSAEVLGAADLYVKIPMYGFTQSYNISVAVAIVMYSLLMRLRKSSIDYLLNEAEKSNLRLKYYRQVVKNYQFIENLINS>>Nc1ncnc2c1ncn2[C@@H]1O[C@H](CSCC[C@H]([NH3+])C(=O)[O-])[C@@H](O)[C@H]1O,2.1.1.34,metanetx_reaction_smiles+UniProt
*OP(=O)([O-])OC[C@H]1O[C@@H](n2cnc3c(=O)[nH]c(N)nc32)[C@H](O)[C@@H]1OP(=O)([O-])O*.C[S@@+](CC[C@H]([NH3+])C(=O)[O-])C[C@H]1O[C@@H](n2cnc3c(N)ncnc32)[C@H](O)[C@@H]1O|MNPTRYARICEMLARRQPDLTVCMEQVHKPHNVSAIIRTADAVGVHEVHAVWPGSRMRTMASAAAGSNSWVQVKTHRTIGDAVAHLKGQGMQILATHLSDNAVDFREIDYTRPTCILMGQEKTGITQEALALADQDIIIPMIGMVQSLNVSVASALILYEAQRQRQNAGMYLRENSMLPEAEQQRLLFEGGYPVLAKVAKRKGLPYPHVNQQGEIEADADWWATMQAAG>>Nc1ncnc2c1ncn2[C@@H]1O[C@H](CSCC[C@H]([NH3+])C(=O)[O-])[C@@H](O)[C@H]1O,2.1.1.34,metanetx_reaction_smiles+UniProt
*OP(=O)([O-])OC[C@H]1O[C@@H](n2cnc3c(=O)[nH]c(N)nc32)[C@H](O)[C@@H]1OP(=O)([O-])O*.C[S@@+](CC[C@H]([NH3+])C(=O)[O-])C[C@H]1O[C@@H](n2cnc3c(N)ncnc32)[C@H](O)[C@@H]1O|MRERTEARRRRIEEVLRRRQPDLTVLLENVHKPHNLSAILRTCDAVGVLEAHAVNPTGGVPTFNETSGGSHKWVYLRVHPDLHEAFRFLKERGFTVYATALREDARDFREVDYTKPTAVLFGAEKWGVSEEALALADGAIKIPMLGMVQSLNVSVAAAVILFEAQRQRLKAGLYDRPRLDPELYQKVLADWLRK>>Nc1ncnc2c1ncn2[C@@H]1O[C@H](CSCC[C@H]([NH3+])C(=O)[O-])[C@@H](O)[C@H]1O,2.1.1.34,metanetx_reaction_smiles+UniProt
*OP(=O)([O-])OC[C@H]1O[C@@H](n2cnc3c(=O)[nH]c(N)nc32)[C@H](O)[C@@H]1OP(=O)([O-])O*.C[S@@+](CC[C@H]([NH3+])C(=O)[O-])C[C@H]1O[C@@H](n2cnc3c(N)ncnc32)[C@H](O)[C@@H]1O|MVGGALICKYLPREEQLKLISDLIQNDSLEEVLELIETSPLDITTDSNIETPIFEKITEQVIAYASIDGEAREMFRSSRAEMNKALRTSAQLLCCLPSVWHKFQVWMSYRLNDIISENYKHLFNDNFGKKIVQPFFDSFAEEQNANIKHENLHLDILSLLHYLEVVYLFDECKNGISSKCLDFIIVPLLGCNSEEIADSCSKLMRWHIKYLSKCCNTDSNFDKLIWTFIKQLYAEGSQQAWKQKNSLSFLLRFLLAAELSPELITYIKTDAYWRHIQTELDNDVHEHRKLALSILKLTIQKLSSHGITLQTTFYKCNDLANIEMLGSWKKFTTLYEMIALDTSLNQIQAAKQDIIKIFDNEHLHHSWGLILLSTGLKSSMESVRKYMMTLMFSITNMSAFSSNLPLLTKTLLPAAMSAHYFDVKGVSCPHGEKLSLFVNNLLSQTTEGISDILFEILKLLVEKGTSFDPSRIYLSYGILVFFQNNKQKTINSDHLSLIRKLYDFAAEEEVLETTIQTIYLKFLLYIDPSVSASELLFTLVSHIKLKGGTYKYVEPLFEDYRDLAVSHFDDLQAKENLTTNIGKDTIFDLLASIIFDFKDIDITPDFLIEVAKSKQDIPVYTSKAVTFLTQLLSGEPSNGYTYENATALLSYPNFTISTWKSINVNNLFKSVMEKFSLDKFKFFAEIYQKTYECRFDTIELNFNDLLSLYEMVKKSANQCSRESFKVKDSAYSSYFELLNTFLKTYALNRDSSEGNDDELHILLRLVDENINKDNGNYLGNLAVCKLLYFIIDSYIHCSTSVSDDDIFIVKFIFEKFSFIWECINSERLVLKERDLHLMLIKGLFHPVILYFGSNQYIDTLTSKLEEHAQTIISLSYSRRSLLPLLGSQLRVFMKFYGKLLREDVNYWWLINIIVGVFKQPQMDVNLYKLKPVISSLFDHKLNNYYIKGDELYEKVYGPDEILARVSIIDSILYANDQLKIRLIEKVTEKTNALYAIKRTDGAEALQRLLQWQLLLLSLLTTNEKKLSETSMIRILKSIEDESSPLVRVYKEWFISSKVVDYYKTGNPKFAEDYLFSLLEDHSKPVFVVSAEKICFMVLKDLRNDEKKYGFTQLLDRFICTLVPNAASNKPLVRHFSNSLIISLWPTFKAYLSDHTLRNIIENLYSNAKKTQIFGQYRAGDANIWDLKGDRKLTNMFGGVLKKVTDHDCPYISESVFEKYLQEKDIVPIGTDERSLWLDKRDTNTESVNNANISCDTSPLQTKSGAWETVLDLDNKKSNDVVTRSELIVVSSLVDKPPNLGGICRLCDVLGVGLLTVQDIKVKNHPQFKNVAVTADRWMPMEEVALDEIASFMKEKKKEGYTLIGLEQTDKSVKLDNNFQFPKKSLILLGTEAFGIPGTLLSELDLCLEIQQFGVIRSMNIQTATAVIVHSYTVQHM>>Nc1ncnc2c1ncn2[C@@H]1O[C@H](CSCC[C@H]([NH3+])C(=O)[O-])[C@@H](O)[C@H]1O,2.1.1.34,metanetx_reaction_smiles+UniProt
*OP(=O)([O-])OC[C@H]1O[C@@H](n2cnc3c(=O)[nH]c(N)nc32)[C@H](O)[C@@H]1OP(=O)([O-])O*.C[S@@+](CC[C@H]([NH3+])C(=O)[O-])C[C@H]1O[C@@H](n2cnc3c(N)ncnc32)[C@H](O)[C@@H]1O|MVMEYLVLEKRLKRLREVLEKRQKDLIVFADNVKNEHNFSAIVRTCDAVGVLYLYYYHAEGKKAKINEGITQGSHKWVFIEKVDNPVQKLLEFKNRGFQIVATWLSKESVNFREVDYTKPTVLVVGNELQGVSPEIVEIADKKIVIPMYGMAQSLNVSVATGIILYEAQRQREEKGMYSRPSLSEEEIQKILKKWAYEDVIKERKRTLSTS>>Nc1ncnc2c1ncn2[C@@H]1O[C@H](CSCC[C@H]([NH3+])C(=O)[O-])[C@@H](O)[C@H]1O,2.1.1.34,metanetx_reaction_smiles+UniProt
*[C@@H]1O[C@H](COP(=O)(O)O[C@H]2[C@@H](O)[C@H](*)O[C@@H]2COP(=O)(O)O[C@H]2[C@@H](O)[C@H](*)O[C@@H]2CO)[C@@H](O)[C@H]1O.C[S@@+](CC[C@H]([NH3+])C(=O)[O-])C[C@H]1O[C@@H](n2cnc3c(N)ncnc32)[C@H](O)[C@@H]1O|MDDDVLKRIGVLSKFITDEKKARIEKVLNLRTNYLTFVLEDIFQSQNASATIRTGEILGLSDVHVIEKKNKHTLNPDVTLGSSQWINLNKYKNAKFAIDRLKSDGYSIVATSLNPKSINLENLTINNKMAIFFGTELTGLSAEVLGAADLYVKIPMYGFTQSYNISVAVAIVMYSLLMRLRKSSIDYLLNEAEKSNLRLKYYRQVVKNYQFIENLINS>>Nc1ncnc2c1ncn2[C@@H]1O[C@H](CSCC[C@H]([NH3+])C(=O)[O-])[C@@H](O)[C@H]1O,2.1.1.34,metanetx_reaction_smiles+UniProt
*[C@@H]1O[C@H](COP(=O)(O)O[C@H]2[C@@H](O)[C@H](*)O[C@@H]2COP(=O)(O)O[C@H]2[C@@H](O)[C@H](*)O[C@@H]2CO)[C@@H](O)[C@H]1O.C[S@@+](CC[C@H]([NH3+])C(=O)[O-])C[C@H]1O[C@@H](n2cnc3c(N)ncnc32)[C@H](O)[C@@H]1O|MNPTRYARICEMLARRQPDLTVCMEQVHKPHNVSAIIRTADAVGVHEVHAVWPGSRMRTMASAAAGSNSWVQVKTHRTIGDAVAHLKGQGMQILATHLSDNAVDFREIDYTRPTCILMGQEKTGITQEALALADQDIIIPMIGMVQSLNVSVASALILYEAQRQRQNAGMYLRENSMLPEAEQQRLLFEGGYPVLAKVAKRKGLPYPHVNQQGEIEADADWWATMQAAG>>Nc1ncnc2c1ncn2[C@@H]1O[C@H](CSCC[C@H]([NH3+])C(=O)[O-])[C@@H](O)[C@H]1O,2.1.1.34,metanetx_reaction_smiles+UniProt
*[C@@H]1O[C@H](COP(=O)(O)O[C@H]2[C@@H](O)[C@H](*)O[C@@H]2COP(=O)(O)O[C@H]2[C@@H](O)[C@H](*)O[C@@H]2CO)[C@@H](O)[C@H]1O.C[S@@+](CC[C@H]([NH3+])C(=O)[O-])C[C@H]1O[C@@H](n2cnc3c(N)ncnc32)[C@H](O)[C@@H]1O|MRERTEARRRRIEEVLRRRQPDLTVLLENVHKPHNLSAILRTCDAVGVLEAHAVNPTGGVPTFNETSGGSHKWVYLRVHPDLHEAFRFLKERGFTVYATALREDARDFREVDYTKPTAVLFGAEKWGVSEEALALADGAIKIPMLGMVQSLNVSVAAAVILFEAQRQRLKAGLYDRPRLDPELYQKVLADWLRK>>Nc1ncnc2c1ncn2[C@@H]1O[C@H](CSCC[C@H]([NH3+])C(=O)[O-])[C@@H](O)[C@H]1O,2.1.1.34,metanetx_reaction_smiles+UniProt
*[C@@H]1O[C@H](COP(=O)(O)O[C@H]2[C@@H](O)[C@H](*)O[C@@H]2COP(=O)(O)O[C@H]2[C@@H](O)[C@H](*)O[C@@H]2CO)[C@@H](O)[C@H]1O.C[S@@+](CC[C@H]([NH3+])C(=O)[O-])C[C@H]1O[C@@H](n2cnc3c(N)ncnc32)[C@H](O)[C@@H]1O|MVGGALICKYLPREEQLKLISDLIQNDSLEEVLELIETSPLDITTDSNIETPIFEKITEQVIAYASIDGEAREMFRSSRAEMNKALRTSAQLLCCLPSVWHKFQVWMSYRLNDIISENYKHLFNDNFGKKIVQPFFDSFAEEQNANIKHENLHLDILSLLHYLEVVYLFDECKNGISSKCLDFIIVPLLGCNSEEIADSCSKLMRWHIKYLSKCCNTDSNFDKLIWTFIKQLYAEGSQQAWKQKNSLSFLLRFLLAAELSPELITYIKTDAYWRHIQTELDNDVHEHRKLALSILKLTIQKLSSHGITLQTTFYKCNDLANIEMLGSWKKFTTLYEMIALDTSLNQIQAAKQDIIKIFDNEHLHHSWGLILLSTGLKSSMESVRKYMMTLMFSITNMSAFSSNLPLLTKTLLPAAMSAHYFDVKGVSCPHGEKLSLFVNNLLSQTTEGISDILFEILKLLVEKGTSFDPSRIYLSYGILVFFQNNKQKTINSDHLSLIRKLYDFAAEEEVLETTIQTIYLKFLLYIDPSVSASELLFTLVSHIKLKGGTYKYVEPLFEDYRDLAVSHFDDLQAKENLTTNIGKDTIFDLLASIIFDFKDIDITPDFLIEVAKSKQDIPVYTSKAVTFLTQLLSGEPSNGYTYENATALLSYPNFTISTWKSINVNNLFKSVMEKFSLDKFKFFAEIYQKTYECRFDTIELNFNDLLSLYEMVKKSANQCSRESFKVKDSAYSSYFELLNTFLKTYALNRDSSEGNDDELHILLRLVDENINKDNGNYLGNLAVCKLLYFIIDSYIHCSTSVSDDDIFIVKFIFEKFSFIWECINSERLVLKERDLHLMLIKGLFHPVILYFGSNQYIDTLTSKLEEHAQTIISLSYSRRSLLPLLGSQLRVFMKFYGKLLREDVNYWWLINIIVGVFKQPQMDVNLYKLKPVISSLFDHKLNNYYIKGDELYEKVYGPDEILARVSIIDSILYANDQLKIRLIEKVTEKTNALYAIKRTDGAEALQRLLQWQLLLLSLLTTNEKKLSETSMIRILKSIEDESSPLVRVYKEWFISSKVVDYYKTGNPKFAEDYLFSLLEDHSKPVFVVSAEKICFMVLKDLRNDEKKYGFTQLLDRFICTLVPNAASNKPLVRHFSNSLIISLWPTFKAYLSDHTLRNIIENLYSNAKKTQIFGQYRAGDANIWDLKGDRKLTNMFGGVLKKVTDHDCPYISESVFEKYLQEKDIVPIGTDERSLWLDKRDTNTESVNNANISCDTSPLQTKSGAWETVLDLDNKKSNDVVTRSELIVVSSLVDKPPNLGGICRLCDVLGVGLLTVQDIKVKNHPQFKNVAVTADRWMPMEEVALDEIASFMKEKKKEGYTLIGLEQTDKSVKLDNNFQFPKKSLILLGTEAFGIPGTLLSELDLCLEIQQFGVIRSMNIQTATAVIVHSYTVQHM>>Nc1ncnc2c1ncn2[C@@H]1O[C@H](CSCC[C@H]([NH3+])C(=O)[O-])[C@@H](O)[C@H]1O,2.1.1.34,metanetx_reaction_smiles+UniProt
*[C@@H]1O[C@H](COP(=O)(O)O[C@H]2[C@@H](O)[C@H](*)O[C@@H]2COP(=O)(O)O[C@H]2[C@@H](O)[C@H](*)O[C@@H]2CO)[C@@H](O)[C@H]1O.C[S@@+](CC[C@H]([NH3+])C(=O)[O-])C[C@H]1O[C@@H](n2cnc3c(N)ncnc32)[C@H](O)[C@@H]1O|MVMEYLVLEKRLKRLREVLEKRQKDLIVFADNVKNEHNFSAIVRTCDAVGVLYLYYYHAEGKKAKINEGITQGSHKWVFIEKVDNPVQKLLEFKNRGFQIVATWLSKESVNFREVDYTKPTVLVVGNELQGVSPEIVEIADKKIVIPMYGMAQSLNVSVATGIILYEAQRQREEKGMYSRPSLSEEEIQKILKKWAYEDVIKERKRTLSTS>>Nc1ncnc2c1ncn2[C@@H]1O[C@H](CSCC[C@H]([NH3+])C(=O)[O-])[C@@H](O)[C@H]1O,2.1.1.34,metanetx_reaction_smiles+UniProt
*[C@@H]1O[C@H](COP(=O)(O)O[C@@H]2[C@@H](COP(=O)(O)O[C@H]3[C@@H](O)[C@H](*)O[C@@H]3COP(=O)(O)O)O[C@@H](n3cnc4c(=O)[nH]c(N)nc43)[C@@H]2O)[C@@H](O)[C@H]1O.C[S@@+](CC[C@H]([NH3+])C(=O)[O-])C[C@H]1O[C@@H](n2cnc3c(N)ncnc32)[C@H](O)[C@@H]1O|MDDDVLKRIGVLSKFITDEKKARIEKVLNLRTNYLTFVLEDIFQSQNASATIRTGEILGLSDVHVIEKKNKHTLNPDVTLGSSQWINLNKYKNAKFAIDRLKSDGYSIVATSLNPKSINLENLTINNKMAIFFGTELTGLSAEVLGAADLYVKIPMYGFTQSYNISVAVAIVMYSLLMRLRKSSIDYLLNEAEKSNLRLKYYRQVVKNYQFIENLINS>>Nc1ncnc2c1ncn2[C@@H]1O[C@H](CSCC[C@H]([NH3+])C(=O)[O-])[C@@H](O)[C@H]1O,2.1.1.34,metanetx_reaction_smiles+UniProt
*[C@@H]1O[C@H](COP(=O)(O)O[C@@H]2[C@@H](COP(=O)(O)O[C@H]3[C@@H](O)[C@H](*)O[C@@H]3COP(=O)(O)O)O[C@@H](n3cnc4c(=O)[nH]c(N)nc43)[C@@H]2O)[C@@H](O)[C@H]1O.C[S@@+](CC[C@H]([NH3+])C(=O)[O-])C[C@H]1O[C@@H](n2cnc3c(N)ncnc32)[C@H](O)[C@@H]1O|MNPTRYARICEMLARRQPDLTVCMEQVHKPHNVSAIIRTADAVGVHEVHAVWPGSRMRTMASAAAGSNSWVQVKTHRTIGDAVAHLKGQGMQILATHLSDNAVDFREIDYTRPTCILMGQEKTGITQEALALADQDIIIPMIGMVQSLNVSVASALILYEAQRQRQNAGMYLRENSMLPEAEQQRLLFEGGYPVLAKVAKRKGLPYPHVNQQGEIEADADWWATMQAAG>>Nc1ncnc2c1ncn2[C@@H]1O[C@H](CSCC[C@H]([NH3+])C(=O)[O-])[C@@H](O)[C@H]1O,2.1.1.34,metanetx_reaction_smiles+UniProt
*[C@@H]1O[C@H](COP(=O)(O)O[C@@H]2[C@@H](COP(=O)(O)O[C@H]3[C@@H](O)[C@H](*)O[C@@H]3COP(=O)(O)O)O[C@@H](n3cnc4c(=O)[nH]c(N)nc43)[C@@H]2O)[C@@H](O)[C@H]1O.C[S@@+](CC[C@H]([NH3+])C(=O)[O-])C[C@H]1O[C@@H](n2cnc3c(N)ncnc32)[C@H](O)[C@@H]1O|MRERTEARRRRIEEVLRRRQPDLTVLLENVHKPHNLSAILRTCDAVGVLEAHAVNPTGGVPTFNETSGGSHKWVYLRVHPDLHEAFRFLKERGFTVYATALREDARDFREVDYTKPTAVLFGAEKWGVSEEALALADGAIKIPMLGMVQSLNVSVAAAVILFEAQRQRLKAGLYDRPRLDPELYQKVLADWLRK>>Nc1ncnc2c1ncn2[C@@H]1O[C@H](CSCC[C@H]([NH3+])C(=O)[O-])[C@@H](O)[C@H]1O,2.1.1.34,metanetx_reaction_smiles+UniProt
*[C@@H]1O[C@H](COP(=O)(O)O[C@@H]2[C@@H](COP(=O)(O)O[C@H]3[C@@H](O)[C@H](*)O[C@@H]3COP(=O)(O)O)O[C@@H](n3cnc4c(=O)[nH]c(N)nc43)[C@@H]2O)[C@@H](O)[C@H]1O.C[S@@+](CC[C@H]([NH3+])C(=O)[O-])C[C@H]1O[C@@H](n2cnc3c(N)ncnc32)[C@H](O)[C@@H]1O|MVGGALICKYLPREEQLKLISDLIQNDSLEEVLELIETSPLDITTDSNIETPIFEKITEQVIAYASIDGEAREMFRSSRAEMNKALRTSAQLLCCLPSVWHKFQVWMSYRLNDIISENYKHLFNDNFGKKIVQPFFDSFAEEQNANIKHENLHLDILSLLHYLEVVYLFDECKNGISSKCLDFIIVPLLGCNSEEIADSCSKLMRWHIKYLSKCCNTDSNFDKLIWTFIKQLYAEGSQQAWKQKNSLSFLLRFLLAAELSPELITYIKTDAYWRHIQTELDNDVHEHRKLALSILKLTIQKLSSHGITLQTTFYKCNDLANIEMLGSWKKFTTLYEMIALDTSLNQIQAAKQDIIKIFDNEHLHHSWGLILLSTGLKSSMESVRKYMMTLMFSITNMSAFSSNLPLLTKTLLPAAMSAHYFDVKGVSCPHGEKLSLFVNNLLSQTTEGISDILFEILKLLVEKGTSFDPSRIYLSYGILVFFQNNKQKTINSDHLSLIRKLYDFAAEEEVLETTIQTIYLKFLLYIDPSVSASELLFTLVSHIKLKGGTYKYVEPLFEDYRDLAVSHFDDLQAKENLTTNIGKDTIFDLLASIIFDFKDIDITPDFLIEVAKSKQDIPVYTSKAVTFLTQLLSGEPSNGYTYENATALLSYPNFTISTWKSINVNNLFKSVMEKFSLDKFKFFAEIYQKTYECRFDTIELNFNDLLSLYEMVKKSANQCSRESFKVKDSAYSSYFELLNTFLKTYALNRDSSEGNDDELHILLRLVDENINKDNGNYLGNLAVCKLLYFIIDSYIHCSTSVSDDDIFIVKFIFEKFSFIWECINSERLVLKERDLHLMLIKGLFHPVILYFGSNQYIDTLTSKLEEHAQTIISLSYSRRSLLPLLGSQLRVFMKFYGKLLREDVNYWWLINIIVGVFKQPQMDVNLYKLKPVISSLFDHKLNNYYIKGDELYEKVYGPDEILARVSIIDSILYANDQLKIRLIEKVTEKTNALYAIKRTDGAEALQRLLQWQLLLLSLLTTNEKKLSETSMIRILKSIEDESSPLVRVYKEWFISSKVVDYYKTGNPKFAEDYLFSLLEDHSKPVFVVSAEKICFMVLKDLRNDEKKYGFTQLLDRFICTLVPNAASNKPLVRHFSNSLIISLWPTFKAYLSDHTLRNIIENLYSNAKKTQIFGQYRAGDANIWDLKGDRKLTNMFGGVLKKVTDHDCPYISESVFEKYLQEKDIVPIGTDERSLWLDKRDTNTESVNNANISCDTSPLQTKSGAWETVLDLDNKKSNDVVTRSELIVVSSLVDKPPNLGGICRLCDVLGVGLLTVQDIKVKNHPQFKNVAVTADRWMPMEEVALDEIASFMKEKKKEGYTLIGLEQTDKSVKLDNNFQFPKKSLILLGTEAFGIPGTLLSELDLCLEIQQFGVIRSMNIQTATAVIVHSYTVQHM>>Nc1ncnc2c1ncn2[C@@H]1O[C@H](CSCC[C@H]([NH3+])C(=O)[O-])[C@@H](O)[C@H]1O,2.1.1.34,metanetx_reaction_smiles+UniProt
*[C@@H]1O[C@H](COP(=O)(O)O[C@@H]2[C@@H](COP(=O)(O)O[C@H]3[C@@H](O)[C@H](*)O[C@@H]3COP(=O)(O)O)O[C@@H](n3cnc4c(=O)[nH]c(N)nc43)[C@@H]2O)[C@@H](O)[C@H]1O.C[S@@+](CC[C@H]([NH3+])C(=O)[O-])C[C@H]1O[C@@H](n2cnc3c(N)ncnc32)[C@H](O)[C@@H]1O|MVMEYLVLEKRLKRLREVLEKRQKDLIVFADNVKNEHNFSAIVRTCDAVGVLYLYYYHAEGKKAKINEGITQGSHKWVFIEKVDNPVQKLLEFKNRGFQIVATWLSKESVNFREVDYTKPTVLVVGNELQGVSPEIVEIADKKIVIPMYGMAQSLNVSVATGIILYEAQRQREEKGMYSRPSLSEEEIQKILKKWAYEDVIKERKRTLSTS>>Nc1ncnc2c1ncn2[C@@H]1O[C@H](CSCC[C@H]([NH3+])C(=O)[O-])[C@@H](O)[C@H]1O,2.1.1.34,metanetx_reaction_smiles+UniProt